{"grid":{"cell_node_ids":{"ptrs":[1,5,9,13,17,21,25,29,33,37,41,45,49,53,57,61,65,69,73,77,81,85,89,93,97,101,105,109,113,117,121,125,129,133,137,141,145,149,153,157,161,165,169,173,177,181,185,189,193,197,201,205,209,213,217,221,225,229,233,237,241,245,249,253,257,261,265,269,273,277,281,285,289,293,297,301,305,309,313,317,321,325,329,333,337,341,345,349,353,357,361,365,369,373,377,381,385,389,393,397,401,405,409,413,417,421,425,429,433,437,441,445,449,453,457,461,465,469,473,477,481,485,489,493,497,501,505,509,513,517,521,525,529],"data":[29,34,35,56,42,43,53,57,25,26,27,56,4,5,8,43,2,3,38,42,23,24,48,57,23,24,47,57,16,42,52,56,28,33,50,56,9,28,34,52,6,23,45,56,6,27,45,56,16,39,42,56,5,8,41,43,8,40,41,43,8,26,27,56,42,43,52,56,15,38,42,53,17,40,43,52,18,41,43,53,9,33,37,52,28,29,50,56,32,33,50,56,3,38,39,42,4,23,43,48,6,23,46,56,6,25,27,56,20,41,44,53,21,38,44,53,4,23,43,45,4,27,43,45,29,50,51,56,32,50,51,56,3,23,46,56,19,20,49,57,5,24,48,57,29,30,35,56,23,47,56,57,29,30,51,56,11,13,44,55,10,12,14,54,28,29,34,56,20,21,49,57,30,31,51,56,25,26,52,56,6,25,35,56,31,32,51,56,8,26,52,56,31,32,36,56,30,31,35,56,3,23,47,56,31,35,36,56,1,5,24,57,7,25,26,52,8,26,40,52,6,35,46,56,12,16,37,39,2,24,47,57,1,5,19,57,1,19,49,57,38,42,53,57,7,10,14,54,10,16,37,52,21,22,49,57,7,10,52,54,25,34,35,56,10,12,16,37,23,43,48,57,7,17,40,52,23,43,45,56,7,25,34,52,7,26,40,52,27,43,45,56,7,17,52,54,35,36,46,56,18,41,44,53,15,38,44,53,7,14,17,40,9,10,34,52,1,2,24,57,25,34,52,56,18,44,53,55,15,44,53,55,32,36,37,56,1,22,49,57,13,18,41,44,11,15,38,44,7,14,17,54,1,2,22,57,33,37,52,56,16,17,52,54,15,18,53,55,28,34,52,56,2,22,38,57,13,18,44,55,11,15,44,55,20,21,44,53,4,5,43,48,4,8,27,43,9,10,37,52,3,36,46,56,10,16,52,54,8,27,43,56,20,21,53,57,21,22,38,57,32,33,37,56,10,12,16,54,3,36,39,42,21,38,53,57,2,3,42,47,23,43,56,57,5,43,48,57,8,43,52,56,8,40,43,52,41,43,53,57,2,42,47,57,42,47,56,57,3,42,47,56,7,10,34,52,3,36,42,56,36,39,42,56,42,43,56,57,2,38,42,57,36,37,39,56,16,37,39,56,16,37,52,56,9,28,33,52,28,33,52,56,20,41,53,57,19,20,41,57,5,41,43,57,5,19,41,57]},"node_coordinates":[3.25,2.5,3.0,3.75,1.0,3.0,5.25,1.0,3.0,5.25,4.0,3.0,3.75,4.0,3.0,6.0,2.5,3.0,8.5,3.5,3.0,6.5,4.5,3.0,8.5,1.6,3.0,9.1,1.5,3.0,-4.0,0.0,3.0,13.0,0.0,3.0,-4.0,5.0,3.0,13.0,5.0,3.0,-4.0,0.0,0.0,13.0,0.0,0.0,13.0,5.0,0.0,-4.0,5.0,0.0,2.386271242968684,3.688820645368942,3.0,0.9887287570313148,3.23473156536559,3.0,0.9887287570313155,1.765268434634409,3.0,2.386271242968684,1.311179354631058,3.0,5.25,2.5,3.0,3.75,2.5,3.0,7.249999999999999,3.0,3.0,7.500000000000004,3.999999999999998,3.0,6.25,3.5,3.0,8.012408667960583,2.029370864463013,3.0,7.327210582097019,2.092479394762042,3.0,6.675773625955692,1.883130219302785,3.0,6.675773625955683,1.316869780697221,3.0,7.327210582097008,1.107520605237959,3.0,8.012408667960583,1.170629135536987,3.0,7.899078364956238,2.371554943828245,3.0,6.344788848841911,2.122697204253651,3.0,6.344788848841914,0.8773027957463468,3.0,7.89907836495624,0.6284450561717558,3.0,1.666666666666666,0.0,3.0,7.333333333333332,0.0,3.0,7.333333333333334,5.0,3.0,1.666666666666668,5.0,3.0,4.5,0.0,0.0,4.5,5.0,0.0,-0.4482015254340066,2.5,3.0,5.6875,3.125,3.0,5.777082528240546,1.823931393763374,3.0,4.5,1.75,3.0,4.5,3.25,3.0,1.998796315365664,2.499977824971013,3.0,7.584358085142094,1.600021963488445,3.0,7.125555828775152,1.60000199279486,3.0,8.750000000000012,2.5,0.0,0.250000000000003,2.499999999999984,0.0,13.0,2.500000000000001,1.499999999999988,-4.0,2.500000000000016,1.499999999999994,6.811551907231618,1.600000000000001,0.7551695757318773,3.167048375205631,2.425058247224277,1.457295448305948],"cell_type":[1,1,1,1,1,1,1,1,1,1,1,1,1,1,1,1,1,1,1,1,1,1,1,1,1,1,1,1,1,1,1,1,1,1,1,1,1,1,1,1,1,1,1,1,1,1,1,1,1,1,1,1,1,1,1,1,1,1,1,1,1,1,1,1,1,1,1,1,1,1,1,1,1,1,1,1,1,1,1,1,1,1,1,1,1,1,1,1,1,1,1,1,1,1,1,1,1,1,1,1,1,1,1,1,1,1,1,1,1,1,1,1,1,1,1,1,1,1,1,1,1,1,1,1,1,1,1,1,1,1,1,1],"reffes":[{"orders":[1,1,1],"value":"Float64","space":"default","extrusion":[2,2,2]}],"Dp":3,"orientation":true},"vertex_node":[1,2,3,4,5,6,7,8,9,10,11,12,13,14,15,16,17,18,19,20,21,22,23,24,25,26,27,28,29,30,31,32,33,34,35,36,37,38,39,40,41,42,43,44,45,46,47,48,49,50,51,52,53,54,55,56,57],"version":"v0.15","face_vertices_2":{"ptrs":[1,4,7,10,13,16,19,22,25,28,31,34,37,40,43,46,49,52,55,58,61,64,67,70,73,76,79,82,85,88,91,94,97,100,103,106,109,112,115,118,121,124,127,130,133,136,139,142,145,148,151,154,157,160,163,166,169,172,175,178,181,184,187,190,193,196,199,202,205,208,211,214,217,220,223,226,229,232,235,238,241,244,247,250,253,256,259,262,265,268,271,274,277,280,283,286,289,292,295,298,301,304,307,310,313,316,319,322,325,328,331,334,337,340,343,346,349,352,355,358,361,364,367,370,373,376,379,382,385,388,391,394,397,400,403,406,409,412,415,418,421,424,427,430,433,436,439,442,445,448,451,454,457,460,463,466,469,472,475,478,481,484,487,490,493,496,499,502,505,508,511,514,517,520,523,526,529,532,535,538,541,544,547,550,553,556,559,562,565,568,571,574,577,580,583,586,589,592,595,598,601,604,607,610,613,616,619,622,625,628,631,634,637,640,643,646,649,652,655,658,661,664,667,670,673,676,679,682,685,688,691,694,697,700,703,706,709,712,715,718,721,724,727,730,733,736,739,742,745,748,751,754,757,760,763,766,769,772,775,778,781,784,787,790,793,796,799,802,805,808,811,814,817,820,823,826,829,832,835,838,841,844,847,850,853,856,859,862,865,868,871,874,877,880,883,886,889,892,895,898,901,904,907,910,913,916,919,922,925,928,931,934,937,940,943,946,949,952],